{
    "pitches_info": [{
        "onset": 100.0,
        "flag": 25,
        "pitches": [40.14209399107353, 40.14209399107353, 40.14209399107353, 39.7851258703449, 40.14209399107353, 40.14209399107353, 40.14209399107353, 40.14209399107353, 40.14209399107353, 40.14209399107353, 39.7851258703449, 40.14209399107353, 40.14209399107353, 40.14209399107353, 40.14209399107353, 40.14209399107353, 40.14209399107353, 39.7851258703449, 39.04831933437518, 40.14209399107353, 40.14209399107353, 40.14209399107353, 40.14209399107353, 40.14209399107353, 40.14209399107353, 40.14209399107353]
    }, {
        "onset": 1000.0,
        "flag": 23,
        "pitches": [45.29830529399247, 45.29830529399247, 45.29830529399247, 45.29830529399247, 45.29830529399247, 45.29830529399247, 45.55864614718429, 45.29830529399247, 45.29830529399247, 45.55864614718429, 45.03398961803248, 45.29830529399247, 45.29830529399247, 45.03398961803248, 45.55864614718429, 45.29830529399247, 45.29830529399247, 45.29830529399247, 45.29830529399247, 45.29830529399247, 45.55864614718429, 45.29830529399247, 45.55864614718429, 45.29830529399247]
    }, {
        "onset": 1830.0,
        "flag": 9,
        "pitches": [40.14209399107353, 40.14209399107353, 39.7851258703449, 40.14209399107353, 40.14209399107353, 39.7851258703449, 40.49185013898772, 40.49185013898772, 40.49185013898772, 40.49185013898772, 0.0, 0.0, 0.0, 0.0, 0.0, 0.0, 0.0, 0.0, 0.0, 0.0, 0.0, 0.0, 0.0, 0.0, 0.0, 0.0, 0.0, 0.0, 0.0, 0.0, 0.0, 0.0, 0.0, 0.0, 0.0, 0.0, 0.0, 0.0, 0.0, 0.0, 0.0, 0.0, 0.0, 0.0, 0.0, 0.0, 0.0, 0.0, 0.0, 0.0, 0.0, 0.0, 0.0, 0.0, 0.0, 0.0, 0.0, 0.0, 0.0, 0.0, 0.0, 0.0, 0.0, 0.0, 0.0, 0.0, 0.0, 0.0, 0.0, 0.0, 0.0, 0.0, 0.0, 0.0, 0.0, 0.0, 0.0, 0.0, 0.0, 0.0, 0.0, 0.0, 0.0, 0.0, 0.0, 0.0, 0.0, 0.0, 0.0, 0.0, 0.0, 0.0, 0.0, 0.0, 0.0, 0.0, 0.0, 0.0, 0.0, 0.0, 0.0, 0.0, 0.0, 0.0, 0.0, 0.0, 0.0, 0.0, 0.0, 0.0, 0.0, 0.0, 0.0, 0.0, 0.0, 0.0, 0.0, 0.0, 0.0, 0.0, 0.0, 0.0, 0.0, 0.0, 0.0, 0.0, 0.0, 0.0, 0.0, 0.0, 0.0, 0.0, 0.0, 0.0, 0.0, 0.0, 0.0, 0.0, 0.0, 0.0]
    }, {
        "onset": 6510.0,
        "flag": 25,
        "pitches": [28.491850138987722, 28.491850138987722, 28.491850138987722, 28.491850138987722, 27.04831933437518, 28.491850138987722, 27.04831933437518, 28.491850138987722, 27.7851258703449, 28.491850138987722, 27.7851258703449, 27.7851258703449, 27.7851258703449, 27.04831933437518, 27.04831933437518, 27.04831933437518, 28.491850138987722, 27.04831933437518, 27.04831933437518, 27.04831933437518, 28.491850138987722, 28.491850138987722, 28.491850138987722, 27.04831933437518, 27.04831933437518, 28.491850138987722]
    }, {
        "onset": 7390.000000000001,
        "flag": 14,
        "pitches": [27.04831933437518, 27.7851258703449, 27.7851258703449, 27.04831933437518, 28.491850138987722, 27.04831933437518, 28.491850138987722, 27.04831933437518, 29.17085247938413, 27.7851258703449, 27.04831933437518, 27.04831933437518, 27.04831933437518, 28.491850138987722, 27.04831933437518]
    }, {
        "onset": 7950.0,
        "flag": 16,
        "pitches": [33.8151299566951, 34.316972065030626, 33.8151299566951, 33.8151299566951, 33.8151299566951, 33.8151299566951, 34.316972065030626, 33.8151299566951, 34.80467587899877, 33.8151299566951, 33.8151299566951, 33.8151299566951, 33.8151299566951, 33.8151299566951, 33.8151299566951, 33.8151299566951, 33.8151299566951]
    }, {
        "onset": 8550.0,
        "flag": 8,
        "pitches": [29.17085247938413, 29.824225887652652, 29.17085247938413, 29.17085247938413, 29.17085247938413, 29.824225887652652, 29.824225887652652, 28.491850138987722, 29.17085247938413, 0.0, 0.0, 0.0, 0.0, 0.0, 0.0, 0.0, 0.0, 0.0, 0.0, 0.0, 0.0, 0.0, 0.0, 0.0]
    }, {
        "onset": 8900.0,
        "flag": 8,
        "pitches": [27.04831933437518, 27.04831933437518, 27.04831933437518, 27.04831933437518, 27.04831933437518, 27.04831933437518, 27.04831933437518, 27.04831933437518, 27.04831933437518]
    }, {
        "onset": 9240.0,
        "flag": 68,
        "pitches": [27.7851258703449, 27.7851258703449, 27.7851258703449, 27.7851258703449, 27.7851258703449, 27.7851258703449, 27.7851258703449, 27.7851258703449, 27.7851258703449, 27.7851258703449, 27.7851258703449, 27.7851258703449, 27.7851258703449, 27.7851258703449, 27.7851258703449, 27.04831933437518, 27.7851258703449, 27.04831933437518, 27.7851258703449, 27.7851258703449, 27.7851258703449, 27.7851258703449, 27.04831933437518, 27.7851258703449, 27.7851258703449, 27.7851258703449, 27.7851258703449, 27.7851258703449, 27.7851258703449, 27.7851258703449, 27.04831933437518, 27.7851258703449, 27.7851258703449, 27.04831933437518, 27.7851258703449, 27.7851258703449, 27.7851258703449, 27.7851258703449, 27.7851258703449, 27.7851258703449, 27.7851258703449, 27.7851258703449, 27.7851258703449, 27.7851258703449, 27.7851258703449, 27.04831933437518, 27.7851258703449, 27.7851258703449, 27.7851258703449, 27.7851258703449, 27.04831933437518, 27.7851258703449, 27.7851258703449, 27.7851258703449, 27.7851258703449, 27.7851258703449, 27.7851258703449, 27.7851258703449, 27.7851258703449, 27.7851258703449, 27.7851258703449, 27.7851258703449, 27.7851258703449, 27.7851258703449, 27.7851258703449, 27.7851258703449, 27.7851258703449, 27.7851258703449, 27.7851258703449]
    }, {
        "onset": 11590.0,
        "flag": 20,
        "pitches": [27.04831933437518, 27.04831933437518, 27.04831933437518, 27.7851258703449, 27.04831933437518, 27.04831933437518, 27.04831933437518, 27.04831933437518, 27.04831933437518, 27.04831933437518, 27.04831933437518, 27.04831933437518, 27.04831933437518, 27.04831933437518, 27.04831933437518, 27.7851258703449, 27.04831933437518, 29.17085247938413, 27.7851258703449, 29.17085247938413, 27.04831933437518, 23.74070602301405, 27.04831933437518, 26.27875528533859]
    }, {
        "onset": 12430.0,
        "flag": 10,
        "pitches": [29.824225887652652, 29.824225887652652, 29.17085247938413, 29.17085247938413, 30.453834926382278, 30.453834926382278, 29.824225887652652, 29.824225887652652, 29.824225887652652, 28.491850138987722, 30.453834926382278]
    }, {
        "onset": 12850.0,
        "flag": 16,
        "pitches": [33.8151299566951, 33.29830529399247, 33.8151299566951, 33.29830529399247, 33.8151299566951, 33.29830529399247, 34.80467587899877, 33.8151299566951, 33.8151299566951, 33.8151299566951, 33.8151299566951, 33.8151299566951, 34.316972065030626, 33.29830529399247, 33.29830529399247, 33.8151299566951, 33.8151299566951]
    }, {
        "onset": 13440.0,
        "flag": 8,
        "pitches": [29.17085247938413, 29.17085247938413, 29.17085247938413, 29.824225887652652, 29.17085247938413, 29.17085247938413, 29.17085247938413, 29.17085247938413, 29.17085247938413]
    }, {
        "onset": 13750.0,
        "flag": 8,
        "pitches": [27.04831933437518, 27.04831933437518, 27.7851258703449, 27.7851258703449, 28.491850138987722, 27.7851258703449, 27.04831933437518, 27.7851258703449, 27.04831933437518, 0.0, 0.0, 0.0, 0.0, 0.0, 0.0, 0.0, 0.0, 0.0, 0.0, 0.0, 0.0, 0.0, 0.0, 0.0]
    }, {
        "onset": 14090.0,
        "flag": 17,
        "pitches": [27.7851258703449, 27.7851258703449, 27.7851258703449, 27.7851258703449, 27.7851258703449, 27.7851258703449, 27.7851258703449, 27.7851258703449, 27.7851258703449, 27.7851258703449, 27.7851258703449, 27.7851258703449, 27.7851258703449, 27.7851258703449, 28.491850138987722, 27.7851258703449, 27.7851258703449, 27.7851258703449]
    }, {
        "onset": 14720.0,
        "flag": 32,